,Frozen Layers,Initial LR,LR Decay,Max Epochs,Train Loss,Train Accuracy,Train AUC,Val Loss,Val Accuracy,Val AUC
0,134.0,0.0004442495056370293,0.9099719999724424,11.0,0.0010764275211840868,0.9999542832374572,0.9999655485153198,0.32438281178474426,0.9308926463127136,0.9793686270713806
1,110.0,0.0067780849464559225,0.9822681349507124,11.0,0.0015730963787063954,0.9999085664749146,0.9999646544456482,0.35416096448898315,0.9123817086219788,0.9752593040466307
2,105.0,0.00916567335705883,0.9002513777596045,14.0,0.000618291029240936,0.9999542832374572,0.9999654293060304,0.4253225028514862,0.9156725406646729,0.9723602533340454
3,143.0,0.0008813907683853422,0.9935587702656536,14.0,0.0009973762789741158,0.9999542832374572,0.999965488910675,0.37044987082481373,0.9255450367927552,0.975564420223236
4,150.0,0.008480131121858135,0.9825166287790555,13.0,0.00031196424970403314,0.9999542832374573,0.9999999403953552,0.43159863352775574,0.9177293181419373,0.9725075960159302
5,150.0,0.03532574974083212,0.9884583084437112,13.0,0.0010357857681810856,0.9999542832374573,0.9999655485153198,0.39985552430152893,0.9255450367927551,0.9762671589851379
6,150.0,0.08522107024153937,0.9895565265857099,13.0,0.000846165930852294,0.9999542832374573,0.9999656081199646,0.3862103819847107,0.9271904826164246,0.9758735299110413
