,Frozen Layers,Initial LR,LR Decay,Max Epochs,Train Loss,Train Accuracy,Train AUC,Val Loss,Val Accuracy,Val AUC
0,134.0,0.00044424950563702934,0.9099719999724424,11.0,0.0010764275211840868,0.9999542832374573,0.9999655485153198,0.32438281178474426,0.9308926463127136,0.9793686270713806
1,110.0,0.006778084946455923,0.9822681349507125,11.0,0.0015730963787063956,0.9999085664749146,0.9999646544456482,0.35416096448898315,0.9123817086219788,0.9752593040466309
2,105.0,0.00916567335705883,0.9002513777596045,14.0,0.000618291029240936,0.9999542832374573,0.9999654293060303,0.4253225028514862,0.9156725406646729,0.9723602533340454
3,143.0,0.0008813907683853422,0.9935587702656536,14.0,0.0009973762789741158,0.9999542832374573,0.999965488910675,0.37044987082481384,0.9255450367927551,0.9755644202232361
