,loss,categorical_accuracy,auc,val_loss,val_categorical_accuracy,val_auc
0,0.4415387809276581,0.8876039981842041,0.9698814749717712,0.23497819900512695,0.9152612090110779,0.9832883477210999
1,0.19903147220611572,0.9288325905799866,0.9882293939590454,0.2157869189977646,0.9177293181419373,0.9853025674819946
2,0.11086393892765045,0.9597312211990356,0.9957127571105957,0.25268545746803284,0.9156725406646729,0.9815464019775391
3,0.06442420184612274,0.9777401685714722,0.9982909560203552,0.3055383563041687,0.9115590453147888,0.9790413975715637
4,0.02572774887084961,0.9921839237213135,0.999717116355896,0.36208218336105347,0.9086795449256897,0.9713937640190125
5,0.008395455777645111,0.9985830783843994,0.9999173879623413,0.3662536144256592,0.9267790913581848,0.9740215539932251
6,0.005803259555250406,0.999268651008606,0.999820351600647,0.37317731976509094,0.9259563684463501,0.9754425883293152
