,loss,categorical_accuracy,auc,val_loss,val_categorical_accuracy,val_auc
0,0.5330179929733276,0.8920376896858215,0.9720528721809387,0.2480940818786621,0.9008638262748718,0.9831642508506775
1,0.17655009031295776,0.9339519143104553,0.9898990392684937,0.23797062039375305,0.9136158227920532,0.9835929274559021
2,0.10411760956048965,0.9617881178855896,0.9959205985069275,0.23711638152599335,0.9234882593154907,0.9837136268615723
3,0.04422455281019211,0.9845963716506958,0.9991007447242737,0.32761433720588684,0.9201974272727966,0.974944531917572
4,0.024831168353557587,0.9915440082550049,0.9996981024742126,0.32391589879989624,0.9218428730964661,0.9785552620887756
5,0.015071060508489609,0.9951092600822449,0.9998050928115845,0.340339720249176,0.9296585917472839,0.9767467379570007
6,0.00786465872079134,0.9984459280967712,0.9998522400856018,0.33456850051879883,0.9271904826164246,0.9786213636398315
