,loss,categorical_accuracy,auc_1,val_loss,val_categorical_accuracy,val_auc_1
0,0.8155616521835327,0.8638358116149902,0.9581343531608582,0.281516969203949,0.9029206037521362,0.9790416955947876
1,0.2371707260608673,0.9121949076652527,0.9832214713096619,0.2533717155456543,0.9095022678375244,0.9825119376182556
2,0.19347944855690002,0.9278727769851685,0.9881544709205627,0.24560502171516418,0.9062114357948303,0.9826791882514954
3,0.15524128079414368,0.9422707557678223,0.9921618103981018,0.260306179523468,0.9049773812294006,0.9803593754768372
4,0.12251727283000946,0.9576743841171265,0.994739830493927,0.2724084258079529,0.9062114357948303,0.9786492586135864
5,0.09574232995510101,0.9653533101081848,0.9966828227043152,0.35004064440727234,0.8992184400558472,0.9740495085716248
6,0.0729985237121582,0.9731236696243286,0.9980319738388062,0.29489997029304504,0.9148498773574829,0.9776873588562012
