,loss,categorical_accuracy,auc_1,val_loss,val_categorical_accuracy,val_auc_1
0,2.712538003921509,0.8603619933128357,0.9521362781524658,0.4986984431743622,0.8918140530586243,0.9659692645072937
1,0.2532021105289459,0.9087210893630981,0.98200523853302,0.2506982386112213,0.9062114357948303,0.9803785681724548
2,0.19601865112781525,0.9253131151199341,0.9879812598228455,0.23032084107398987,0.9144384860992432,0.983691394329071
3,0.15868201851844788,0.9397111535072327,0.9917154908180237,0.26137953996658325,0.8992184400558472,0.9807794690132141
4,0.12371516227722168,0.9535606503486633,0.9947739243507385,0.25240957736968994,0.9173179864883423,0.9813652634620667
5,0.09479913860559464,0.9669073820114136,0.9963744878768921,0.3150975704193115,0.9008638262748718,0.976135790348053
6,0.0705261155962944,0.9754090905189514,0.9980926513671875,0.44249746203422546,0.8914027214050293,0.9695728421211243
