,loss,categorical_accuracy,auc_10,val_loss,val_categorical_accuracy,val_auc_10
0,0.43936219811439514,0.8982996344566345,0.9689724445343018,0.2735264301300049,0.9041546583175659,0.9813992381095886
1,0.07692883908748627,0.9735807776451111,0.9976804256439209,0.2529977262020111,0.9247223138809204,0.9828142523765564
2,0.02110595814883709,0.9944236278533936,0.9997478723526001,0.2749789357185364,0.9243109822273254,0.9841144680976868
3,0.007505584973841906,0.9989486932754517,0.9998798370361328,0.2819327712059021,0.9292472004890442,0.9826707243919373
4,0.004932390991598368,0.9997714757919312,0.9998576641082764,0.2877790927886963,0.9271904826164246,0.9814577102661133
5,0.0020520472899079323,0.9998628497123718,0.9999300837516785,0.30162346363067627,0.9280131459236145,0.9817078113555908
6,0.0030401546973735094,0.9998171925544739,0.9998610019683838,0.31875544786453247,0.9284245371818542,0.9811913371086121
