,loss,categorical_accuracy,auc_3,val_loss,val_categorical_accuracy,val_auc_3
0,0.6695773005485535,0.8883352875709534,0.9583145380020142,0.2842957675457001,0.9173179864883423,0.9805712103843689
1,0.08087746053934097,0.9725751876831055,0.9971395134925842,0.3336106836795807,0.918140709400177,0.9755518436431885
2,0.025198956951498985,0.9919096827507019,0.9994722008705139,0.3349008858203888,0.9132044315338135,0.9776774644851685
3,0.022116931155323982,0.9939665198326111,0.9994587302207947,0.3273320496082306,0.9284245371818542,0.9797476530075073
4,0.011143083684146404,0.9981716871261597,0.9998416304588318,0.3541313409805298,0.9263677597045898,0.9790906310081482
5,0.015351725742220879,0.9972118139266968,0.9996539354324341,0.3806047737598419,0.9304812550544739,0.977738618850708
6,0.016406921669840813,0.9968918561935425,0.999620795249939,0.44714516401290894,0.9169065952301025,0.9735802412033081
