,loss,categorical_accuracy,auc_4,val_loss,val_categorical_accuracy,val_auc_4
0,0.4944833517074585,0.8912606239318848,0.964421272277832,0.37639644742012024,0.9020978808403015,0.9728700518608093
1,0.10055842995643616,0.9685528874397278,0.9966826438903809,0.25436466932296753,0.9156725406646729,0.9827380180358887
2,0.030723903328180313,0.990584135055542,0.9994929432868958,0.27435335516929626,0.9218428730964661,0.9822425842285156
3,0.05961083248257637,0.9899442195892334,0.9987744092941284,0.268003910779953,0.9173179864883423,0.9822313785552979
4,0.027488186955451965,0.9925495982170105,0.9994149208068848,0.291517049074173,0.9230769276618958,0.9819897413253784
5,0.009879546239972115,0.9982631206512451,0.9999153017997742,0.28410598635673523,0.9317153692245483,0.9819163680076599
6,0.00945738423615694,0.9983087778091431,0.9997004866600037,0.31824660301208496,0.9321267008781433,0.9794564843177795
