,loss,categorical_accuracy,auc_5,val_loss,val_categorical_accuracy,val_auc_5
0,0.440268874168396,0.893317461013794,0.967666506767273,0.33941227197647095,0.9140271544456482,0.9827530980110168
1,0.1040598601102829,0.9663131833076477,0.9959781169891357,0.2897622287273407,0.9115590453147888,0.9793443083763123
2,0.07035110890865326,0.9786086678504944,0.9980279803276062,0.28188273310661316,0.9218428730964661,0.9820988178253174
3,0.05093516409397125,0.9907212853431702,0.9989813566207886,0.2837464213371277,0.9197860956192017,0.9812319278717041
4,0.013814464211463928,0.9968918561935425,0.999751627445221,0.26071810722351074,0.9308926463127136,0.9823348522186279
5,0.006266423501074314,0.9994058012962341,0.9998194575309753,0.33759257197380066,0.9263677597045898,0.9772314429283142
6,0.0058033098466694355,0.9996800422668457,0.9998584389686584,0.280444860458374,0.9362402558326721,0.9816745519638062
