,loss,categorical_accuracy,auc_6,val_loss,val_categorical_accuracy,val_auc_6
0,0.4348357319831848,0.8920833468437195,0.9678571224212646,0.4479585289955139,0.90744549036026,0.9752575755119324
1,0.13419905304908752,0.9583600163459778,0.9951034188270569,0.3375391960144043,0.8889346122741699,0.9732663631439209
2,0.06767919659614563,0.9781058430671692,0.9983085989952087,0.25666120648384094,0.9226655960083008,0.9831750988960266
3,0.021643497049808502,0.9938751459121704,0.9997584223747253,0.289195716381073,0.9243109822273254,0.9810686111450195
4,0.04101669788360596,0.9939208626747131,0.9993217587471008,0.3788563013076782,0.9197860956192017,0.9755819439888
5,0.03597818687558174,0.9957034587860107,0.9995939135551453,0.2958415150642395,0.9164952635765076,0.9809247255325317
6,0.008477136492729187,0.9985830783843994,0.9998839497566223,0.2933710515499115,0.9288358688354492,0.9807796478271484
