,loss,categorical_accuracy,auc,val_loss,val_categorical_accuracy,val_auc
0,0.5001950860023499,0.8913520574569702,0.9642974138259888,0.27180540561676025,0.896338939666748,0.9790524840354919
1,0.09327878803014755,0.9699698090553284,0.996767520904541,0.2439493089914322,0.9218428730964661,0.9829676747322083
2,0.030482234433293343,0.9908583760261536,0.9994215369224548,0.2549495995044708,0.9197860956192017,0.9823201298713684
3,0.019060546532273293,0.995657742023468,0.9996283650398254,0.2660309970378876,0.9263677597045898,0.983462393283844
4,0.042999573051929474,0.9920468330383301,0.9990957379341125,0.5025988221168518,0.9119703769683838,0.9765580892562866
5,0.06669676303863525,0.9896699786186218,0.9986656308174133,0.292984277009964,0.9164952635765076,0.9800698161125183
6,0.012116068974137306,0.9970290064811707,0.9997901320457458,0.3724278509616852,0.9156725406646729,0.9742215275764465
