,loss,categorical_accuracy,auc_1,val_loss,val_categorical_accuracy,val_auc_1
0,0.674358606338501,0.8893865942955017,0.9572252631187439,0.4226643145084381,0.8975729942321777,0.9685026407241821
1,0.09026529639959335,0.9715238809585571,0.9960645437240601,0.3326188623905182,0.9177293181419373,0.9772952795028687
2,0.03479461371898651,0.9891672134399414,0.9990865588188171,2.3174848556518555,0.9160839319229126,0.9687586426734924
3,0.03180749714374542,0.9927781224250793,0.9991001486778259,0.5630218386650085,0.9230769276618958,0.9675443768501282
4,0.02780948393046856,0.9934637546539307,0.9995731711387634,0.35476154088974,0.9214314818382263,0.9777109026908875
5,0.015660306438803673,0.9957948327064514,0.9997462034225464,0.3859982490539551,0.9263677597045898,0.973772406578064
6,0.010758504271507263,0.9981259703636169,0.9998174905776978,0.4464908838272095,0.9119703769683838,0.972748339176178
