,loss,categorical_accuracy,auc_2,val_loss,val_categorical_accuracy,val_auc_2
0,0.537265419960022,0.8927689790725708,0.9625769853591919,0.24750511348247528,0.9280131459236145,0.9824331402778625
1,0.07836613059043884,0.9739007353782654,0.9974063634872437,0.3991762697696686,0.9123817086219788,0.969096839427948
2,0.027457891032099724,0.9923210740089417,0.9994810819625854,0.28043535351753235,0.9288358688354492,0.9818761348724365
3,0.014725334011018276,0.9972575306892395,0.9997098445892334,0.334245890378952,0.9247223138809204,0.9792452454566956
4,0.012332937680184841,0.9972575306892395,0.9997235536575317,0.3481089770793915,0.9238996505737305,0.9788271188735962
5,0.00966713298112154,0.9981259703636169,0.9998482465744019,0.6118237376213074,0.8951048851013184,0.9597457647323608
6,0.012243904173374176,0.9976688623428345,0.9996346831321716,0.4193847179412842,0.9201974272727966,0.9739591479301453
