,loss,categorical_accuracy,auc,val_loss,val_categorical_accuracy,val_auc
0,0.5280596613883972,0.8918091058731079,0.9629512429237366,0.2564290761947632,0.9111476540565491,0.9819190502166748
1,0.08697175979614258,0.9745863676071167,0.9971668720245361,0.29121702909469604,0.9255450367927551,0.979123592376709
2,0.03881879523396492,0.9893957376480103,0.9992503523826599,0.2980574667453766,0.9255450367927551,0.97823566198349
3,0.013804398477077484,0.9969832897186279,0.9998618364334106,0.26579686999320984,0.9304812550544739,0.9821383953094482
4,0.00535706989467144,0.9993143677711487,0.9999269247055054,0.28732794523239136,0.9345948100090027,0.9803857207298279
5,0.0068436539731919765,0.9994058012962341,0.9998577833175659,0.3361283242702484,0.9280131459236145,0.9758593440055847
6,0.04423382878303528,0.9911326169967651,0.9989662766456604,0.3721804916858673,0.9082682132720947,0.9748281836509705
