,loss,categorical_accuracy,auc_1,val_loss,val_categorical_accuracy,val_auc_1
0,0.5592215061187744,0.8888381123542786,0.9619775414466858,0.3401511609554291,0.90744549036026,0.9732808470726013
1,0.08390594273805618,0.9738550186157227,0.9968098402023315,0.3159036338329315,0.9119703769683838,0.9774255752563477
2,0.02548063173890114,0.9930980801582336,0.9996275305747986,0.29899126291275024,0.9243109822273254,0.9797707200050354
3,0.01855023019015789,0.9972118139266968,0.9997281432151794,0.4101164937019348,0.9086795449256897,0.973438024520874
4,0.01078604906797409,0.9984459280967712,0.9998476505279541,0.3025791645050049,0.9230769276618958,0.9812535047531128
5,0.013689693063497543,0.9968461394309998,0.9996172785758972,0.6178276538848877,0.877828061580658,0.9573355913162231
6,0.017783379182219505,0.9955205917358398,0.9995128512382507,0.3286391794681549,0.922254204750061,0.9780574440956116
