,loss,categorical_accuracy,auc_2,val_loss,val_categorical_accuracy,val_auc_2
0,0.5009499788284302,0.8898893594741821,0.9665079712867737,0.2614011764526367,0.9095022678375244,0.981634795665741
1,0.15041837096214294,0.9488527178764343,0.9928669333457947,0.2657320201396942,0.9090909361839294,0.9807352423667908
2,0.07586800307035446,0.9770088791847229,0.9979766011238098,0.34606674313545227,0.9086795449256897,0.9761731028556824
3,0.03790544345974922,0.9866989850997925,0.9993246793746948,0.30535995960235596,0.9136158227920532,0.9800849556922913
4,0.021228712052106857,0.9939665198326111,0.9996297359466553,0.28896093368530273,0.9230769276618958,0.9796953201293945
5,0.028430933132767677,0.9952006340026855,0.9993156790733337,0.35097378492355347,0.918140709400177,0.9767758250236511
6,0.015065779909491539,0.9959319829940796,0.99970942735672,0.29807987809181213,0.9255450367927551,0.9797271490097046
