,loss,categorical_accuracy,auc_2,val_loss,val_categorical_accuracy,val_auc_2
0,1.6478477716445923,0.8502148389816284,0.9529271125793457,0.3191198408603668,0.8946935534477234,0.9766396880149841
1,0.2777472138404846,0.8932260870933533,0.9771214127540588,0.3028560280799866,0.8918140530586243,0.9757989048957825
2,0.247711181640625,0.9073041677474976,0.9817141890525818,0.31831100583076477,0.8819416165351868,0.9749007225036621
3,0.21441128849983215,0.9206966161727905,0.9855999946594238,0.2520543038845062,0.9041546583175659,0.9817749261856079
4,0.21174126863479614,0.9218392968177795,0.9859871864318848,0.28127074241638184,0.8897572755813599,0.9776636958122253
5,0.18594078719615936,0.9302495718002319,0.9891300201416016,0.26552167534828186,0.9025092720985413,0.9818509221076965
6,0.16442237794399261,0.937974214553833,0.991347074508667,0.2719784677028656,0.9012752175331116,0.9804664254188538
