,loss,categorical_accuracy,auc_2,val_loss,val_categorical_accuracy,val_auc_2
0,1.1088720560073853,0.8600420355796814,0.9585282802581787,0.32355979084968567,0.8794734477996826,0.9718832969665527
1,0.26779627799987793,0.8985739350318909,0.9786982536315918,0.2716737985610962,0.8988070487976074,0.9779939651489258
2,0.23315325379371643,0.9139317870140076,0.9832911491394043,0.2610069513320923,0.8951048851013184,0.9800894856452942
3,0.21712544560432434,0.9176798462867737,0.9855127930641174,0.30198338627815247,0.8839983344078064,0.9750584959983826
4,0.19090412557125092,0.9300210475921631,0.9884188175201416,0.24724671244621277,0.9062114357948303,0.9819198846817017
5,0.17101150751113892,0.9366486668586731,0.9904258251190186,0.24726246297359467,0.9041546583175659,0.9817760586738586
6,0.15810206532478333,0.9418594241142273,0.9917612671852112,0.2843412458896637,0.907034158706665,0.9789958596229553
