,loss,categorical_accuracy,auc_3,val_loss,val_categorical_accuracy,val_auc_3
0,0.4150126874446869,0.8941859602928162,0.9699345827102661,0.23014745116233826,0.9156725406646729,0.9844875335693359
1,0.17217600345611572,0.9514580965042114,0.9931961894035339,0.25810420513153076,0.9107363224029541,0.9815244674682617
2,0.06996423006057739,0.9803455471992493,0.9984247088432312,0.25879377126693726,0.9214314818382263,0.9823859333992004
3,0.021333632990717888,0.9940579533576965,0.9998001456260681,0.25794878602027893,0.9267790913581848,0.9824418425559998
4,0.009118589572608471,0.9984459280967712,0.9998830556869507,0.30491721630096436,0.9238996505737305,0.9791346192359924
5,0.004838762804865837,0.9996800422668457,0.9999262690544128,0.28763070702552795,0.9313039779663086,0.9814440011978149
6,0.005569142289459705,0.9994972348213196,0.9998572468757629,0.3427281081676483,0.9214314818382263,0.976195216178894
