,loss,categorical_accuracy,auc_4,val_loss,val_categorical_accuracy,val_auc_4
0,0.489262193441391,0.8910778164863586,0.9656103253364563,0.24264630675315857,0.9140271544456482,0.9825721979141235
1,0.09543465822935104,0.9671359062194824,0.9965888857841492,0.2631911337375641,0.9193747639656067,0.9807204008102417
2,0.04029340669512749,0.9866989850997925,0.9992544054985046,0.24555028975009918,0.9271904826164246,0.9837822914123535
3,0.06705416738986969,0.984733521938324,0.9982768893241882,0.2860631048679352,0.9259563684463501,0.9809410572052002
4,0.017913157120347023,0.9958405494689941,0.9996915459632874,0.2973221242427826,0.9218428730964661,0.9790153503417969
5,0.008326444774866104,0.9985830783843994,0.9999176263809204,0.3048099875450134,0.9267790913581848,0.9799032807350159
6,0.00802067294716835,0.998857319355011,0.9998498558998108,0.29400625824928284,0.9296585917472839,0.9810428619384766
