,loss,categorical_accuracy,auc_5,val_loss,val_categorical_accuracy,val_auc_5
0,0.4164722263813019,0.8897979855537415,0.9693275690078735,0.3312913775444031,0.8951048851013184,0.9766703248023987
1,0.13153235614299774,0.9538348913192749,0.9937520623207092,0.23627789318561554,0.9148498773574829,0.9834131002426147
2,0.05015036463737488,0.9836822152137756,0.99883633852005,0.2917051911354065,0.9111476540565491,0.9808526039123535
3,0.017862381413578987,0.9957034587860107,0.9998078942298889,0.28381937742233276,0.9230769276618958,0.9811119437217712
4,0.008096796460449696,0.9980802536010742,0.999919593334198,0.31594738364219666,0.9230769276618958,0.9800136685371399
5,0.0069238292053341866,0.999268651008606,0.9998917579650879,0.30554234981536865,0.9288358688354492,0.9804942607879639
6,0.03909261152148247,0.9934637546539307,0.9992108345031738,0.3136647045612335,0.9267790913581848,0.9781388640403748
