,loss,categorical_accuracy,auc_6,val_loss,val_categorical_accuracy,val_auc_6
0,0.43140995502471924,0.8943687677383423,0.9687929749488831,0.3079722225666046,0.9144384860992432,0.9797866940498352
1,0.12590743601322174,0.9574458599090576,0.9949578642845154,0.23579168319702148,0.9156725406646729,0.9833630919456482
2,0.10029228031635284,0.9768717288970947,0.997617781162262,0.25547006726264954,0.9164952635765076,0.9828129410743713
3,0.04206261411309242,0.9891672134399414,0.9991763830184937,0.2615085542201996,0.9243109822273254,0.9823623299598694
4,0.0201990008354187,0.9963890910148621,0.9997014403343201,0.28036361932754517,0.9308926463127136,0.9834955334663391
5,0.010262338444590569,0.9990858435630798,0.9998534321784973,0.33277109265327454,0.9267790913581848,0.9770582318305969
6,0.021480809897184372,0.9976232051849365,0.9996284246444702,0.3243657350540161,0.9276018142700195,0.9792924523353577
