,loss,categorical_accuracy,auc_7,val_loss,val_categorical_accuracy,val_auc_7
0,0.47837913036346436,0.8908949494361877,0.9658008813858032,0.30691206455230713,0.8914027214050293,0.9740874171257019
1,0.0850389376282692,0.9718438386917114,0.997046172618866,0.2809688448905945,0.9111476540565491,0.9799646735191345
2,0.034532785415649414,0.98980712890625,0.9994248151779175,0.29174283146858215,0.918140709400177,0.9797669053077698
3,0.04649709537625313,0.9890300631523132,0.9986638426780701,32.36553192138672,0.8222953677177429,0.8855977058410645
4,0.05443653464317322,0.9901270866394043,0.9988424181938171,0.41146227717399597,0.9107363224029541,0.971661388874054
5,0.022111354395747185,0.9944236278533936,0.9996057152748108,0.3019513785839081,0.9271904826164246,0.9813638925552368
6,0.024763189256191254,0.9966633319854736,0.9993618130683899,0.33246710896492004,0.9210201501846313,0.9790838956832886
