,loss,categorical_accuracy,auc_8,val_loss,val_categorical_accuracy,val_auc_8
0,0.48934945464134216,0.8914891481399536,0.9645639061927795,0.3018224835395813,0.9090909361839294,0.9765695333480835
1,0.06770625710487366,0.9774659276008606,0.9980413913726807,0.3306477665901184,0.9115590453147888,0.9751754999160767
2,0.02059946209192276,0.994149386882782,0.9997502565383911,0.2848581075668335,0.9280131459236145,0.9806789755821228
3,0.008814559318125248,0.9985830783843994,0.9999203085899353,0.31234854459762573,0.9296585917472839,0.9792118668556213
4,0.01880849152803421,0.9965718984603882,0.9994467496871948,0.35243046283721924,0.9276018142700195,0.9761587977409363
5,0.03156517073512077,0.9916811585426331,0.9990436434745789,0.3252355754375458,0.9276018142700195,0.9788244366645813
6,0.01638168655335903,0.9953377842903137,0.9997245073318481,0.524947464466095,0.9127930998802185,0.9649479389190674
