,loss,categorical_accuracy,auc_9,val_loss,val_categorical_accuracy,val_auc_9
0,0.5128414630889893,0.889706552028656,0.9641796350479126,0.22244298458099365,0.9140271544456482,0.9848398566246033
1,0.14019878208637238,0.9509096145629883,0.99335116147995,0.27736762166023254,0.9144384860992432,0.979340136051178
2,0.07775037735700607,0.974174976348877,0.9978804588317871,0.2555655837059021,0.9230769276618958,0.9826708436012268
3,0.026649104431271553,0.9924124479293823,0.9996418952941895,0.25203633308410645,0.9259563684463501,0.9839106202125549
4,0.01064778957515955,0.9981259703636169,0.9998385906219482,0.2836374342441559,0.9230769276618958,0.9818006157875061
5,0.0062962425872683525,0.9994515180587769,0.9998914003372192,0.28962719440460205,0.9296585917472839,0.9814624786376953
6,0.0022854087874293327,0.9997257590293884,0.9999648928642273,0.3210791349411011,0.9284245371818542,0.9801701903343201
