,loss,categorical_accuracy,auc,val_loss,val_categorical_accuracy,val_auc
0,0.5067603588104248,0.880290687084198,0.9652650952339172,12.757913589477539,0.8881118893623352,0.9588685035705566
1,0.24017110466957092,0.9195995926856995,0.9859665632247925,0.23513925075531006,0.9127930998802185,0.9834861159324646
2,0.14507457613945007,0.9516866207122803,0.9940447211265564,0.24142956733703613,0.9058001041412354,0.982765257358551
3,0.08375577628612518,0.9755005240440369,0.9977446794509888,0.3328631520271301,0.892225444316864,0.973025381565094
4,0.04809185490012169,0.9884815812110901,0.9993252158164978,1.13062584400177,0.9103249907493591,0.9721816182136536
5,0.061114586889743805,0.9918639659881592,0.999254584312439,0.28468000888824463,0.922254204750061,0.9819640517234802
6,0.019615845754742622,0.9966176152229309,0.9998301863670349,0.314279168844223,0.9152612090110779,0.9797775745391846
