,loss,categorical_accuracy,auc_1,val_loss,val_categorical_accuracy,val_auc_1
0,0.42326655983924866,0.8939117193222046,0.9704731702804565,0.2394329160451889,0.9058001041412354,0.9825054407119751
1,0.17633944749832153,0.9352317452430725,0.9900044202804565,0.21064063906669617,0.9230769276618958,0.9860197901725769
2,0.09650585800409317,0.9681872129440308,0.9967848062515259,0.2312428504228592,0.9201974272727966,0.9845529794692993
3,0.04619980603456497,0.9844592809677124,0.9991342425346375,0.27429139614105225,0.9226655960083008,0.9818846583366394
4,0.032128505408763885,0.9914069175720215,0.9995110630989075,0.28977474570274353,0.9210201501846313,0.9810307025909424
5,0.040526699274778366,0.9934637546539307,0.9995033740997314,0.307461678981781,0.9263677597045898,0.9789897799491882
6,0.010307729244232178,0.9977145791053772,0.9998050332069397,0.2897000312805176,0.9317153692245483,0.9819292426109314
