,loss,categorical_accuracy,auc_2,val_loss,val_categorical_accuracy,val_auc_2
0,0.4282718002796173,0.8930432200431824,0.9692143201828003,0.22461673617362976,0.9160839319229126,0.9845594763755798
1,0.16507506370544434,0.9427735805511475,0.9916773438453674,0.267590194940567,0.9016865491867065,0.9816706776618958
2,0.08360681682825089,0.972849428653717,0.9972891211509705,0.26409846544265747,0.9144384860992432,0.9817038774490356
3,0.03370695188641548,0.9900813698768616,0.9992649555206299,0.27199384570121765,0.9238996505737305,0.9823921322822571
4,0.012698070146143436,0.9970290064811707,0.9999012351036072,0.28962501883506775,0.9280131459236145,0.980841875076294
5,0.013804673217236996,0.9968461394309998,0.9996711611747742,0.3278562128543854,0.9263677597045898,0.9770466685295105
6,0.013387988321483135,0.9970290064811707,0.9996573328971863,0.30964741110801697,0.9296585917472839,0.9800597429275513
