,loss,categorical_accuracy,auc_3,val_loss,val_categorical_accuracy,val_auc_3
0,0.9967285990715027,0.8718804121017456,0.963245153427124,0.2959521412849426,0.8877005577087402,0.9757022261619568
1,0.22705665230751038,0.9150288105010986,0.9842244982719421,0.26608866453170776,0.8979843854904175,0.979891300201416
2,0.18021456897258759,0.9333577156066895,0.9895573258399963,0.2416006177663803,0.9164952635765076,0.9823489785194397
3,0.14239780604839325,0.9474815130233765,0.9932190775871277,0.2667684853076935,0.9119703769683838,0.9799724221229553
4,0.10294383019208908,0.9629765152931213,0.9962035417556763,0.3279997408390045,0.907034158706665,0.975210964679718
5,0.0807868093252182,0.9692842364311218,0.9976382851600647,0.34244704246520996,0.90744549036026,0.9757993221282959
6,0.06575895845890045,0.976826012134552,0.9981853365898132,0.34433379769325256,0.8967503309249878,0.9753814339637756
