,loss,categorical_accuracy,auc_3,val_loss,val_categorical_accuracy,val_auc_3
0,0.7643250226974487,0.871240496635437,0.964655876159668,0.2685578465461731,0.9029206037521362,0.9805744290351868
1,0.2232332080602646,0.9159886837005615,0.9846239686012268,0.31857118010520935,0.8733031749725342,0.9730372428894043
2,0.1839156299829483,0.932900607585907,0.989415168762207,0.2728213667869568,0.907034158706665,0.9792930483818054
3,0.14191797375679016,0.946247398853302,0.993134617805481,0.24950379133224487,0.9095022678375244,0.9819667339324951
4,0.10910739004611969,0.9610567688941956,0.9957345128059387,0.29528188705444336,0.9144384860992432,0.978796124458313
5,0.07857326418161392,0.9702897667884827,0.9976823329925537,0.316466361284256,0.907034158706665,0.9787447452545166
6,0.05234394967556,0.9819453358650208,0.9989434480667114,0.34636086225509644,0.9156725406646729,0.9784250259399414
