,loss,categorical_accuracy,auc_3,val_loss,val_categorical_accuracy,val_auc_3
0,0.48104554414749146,0.8920376896858215,0.9663947224617004,0.22600145637989044,0.9169065952301025,0.9843396544456482
1,0.09497695416212082,0.9670902490615845,0.9966700673103333,0.23720501363277435,0.9276018142700195,0.9841302633285522
2,0.04841628298163414,0.984733521938324,0.9988995790481567,0.24540066719055176,0.9259563684463501,0.9836986064910889
3,0.023424305021762848,0.9935094714164734,0.999678373336792,0.4888053834438324,0.8979843854904175,0.9652559757232666
4,0.01768391765654087,0.9952463507652283,0.9997550845146179,0.2938191890716553,0.9238996505737305,0.9825582504272461
5,0.009447947144508362,0.9979888200759888,0.9998801946640015,0.3605286180973053,0.9164952635765076,0.9773213267326355
6,0.00838721077889204,0.9984459280967712,0.9998140335083008,0.3302789330482483,0.9296585917472839,0.9788137674331665
