,loss,categorical_accuracy,auc_4,val_loss,val_categorical_accuracy,val_auc_4
0,0.5127738118171692,0.88819819688797,0.9639559388160706,0.26600053906440735,0.9160839319229126,0.9804930686950684
1,0.08416526764631271,0.9712953567504883,0.9971354007720947,0.24968983232975006,0.9164952635765076,0.9831817150115967
2,0.02581760846078396,0.9928238391876221,0.9997065663337708,0.30666905641555786,0.9201974272727966,0.9785627126693726
3,0.021305618807673454,0.9958405494689941,0.9995399117469788,0.9936639070510864,0.9041546583175659,0.9649243354797363
4,0.03248265013098717,0.9906755685806274,0.9993069171905518,0.3396795392036438,0.9226655960083008,0.9779655337333679
5,0.022218424826860428,0.9947435855865479,0.9996662735939026,0.32478639483451843,0.922254204750061,0.9792613983154297
6,0.014896784909069538,0.9968918561935425,0.9997177124023438,0.3503867983818054,0.9230769276618958,0.975735604763031
