,loss,categorical_accuracy,auc_5,val_loss,val_categorical_accuracy,val_auc_5
0,0.5291057825088501,0.891214907169342,0.9632776379585266,0.2959761619567871,0.9045660495758057,0.9765921235084534
1,0.07990750670433044,0.9736264944076538,0.9975584149360657,0.4001862108707428,0.8918140530586243,0.9681031703948975
2,0.029135381802916527,0.9915440082550049,0.999592661857605,0.3494452238082886,0.9103249907493591,0.9741323590278625
3,0.02335578016936779,0.9953835010528564,0.9994632005691528,0.30422496795654297,0.9206088185310364,0.9807817339897156
4,0.008765693753957748,0.9980802536010742,0.9998801350593567,0.3792381286621094,0.918552041053772,0.973815381526947
5,0.008554402738809586,0.9986744523048401,0.9997832775115967,0.33104178309440613,0.9255450367927551,0.9797345399856567
6,0.019969213753938675,0.9947435855865479,0.99949711561203,0.4606567621231079,0.9025092720985413,0.966641902923584
