,loss,categorical_accuracy,auc_6,val_loss,val_categorical_accuracy,val_auc_6
0,0.6121146082878113,0.8910778164863586,0.9594161510467529,0.26756551861763,0.9095022678375244,0.9814170002937317
1,0.08213413506746292,0.9734893441200256,0.997054398059845,0.3537403345108032,0.9099135994911194,0.9729752540588379
2,0.028323305770754814,0.9914525747299194,0.9995338916778564,0.35458582639694214,0.9206088185310364,0.9755514860153198
3,0.015524986200034618,0.9956120252609253,0.9998018741607666,0.30536556243896484,0.9284245371818542,0.9803480505943298
4,0.012193640694022179,0.9979431629180908,0.9996320009231567,0.34244677424430847,0.9263677597045898,0.9773651957511902
5,0.02234232798218727,0.9943321943283081,0.9994743466377258,0.42167389392852783,0.9177293181419373,0.9713773131370544
6,0.0374310128390789,0.9889386892318726,0.9989072680473328,0.3605448603630066,0.9251337051391602,0.9767305850982666
