,loss,categorical_accuracy,auc_7,val_loss,val_categorical_accuracy,val_auc_7
0,0.6497655510902405,0.8813419938087463,0.9554720520973206,0.5136218070983887,0.892225444316864,0.9625759720802307
1,0.09385021030902863,0.9684157371520996,0.995863139629364,0.3796028792858124,0.9119703769683838,0.9727472066879272
2,0.02934574894607067,0.9917268753051758,0.9994457364082336,0.36396750807762146,0.9189633727073669,0.9755833148956299
3,0.015220907516777515,0.9957491755485535,0.9998050928115845,0.3446839451789856,0.9251337051391602,0.9773035049438477
4,0.0102162417024374,0.9980802536010742,0.99973464012146,0.3924331068992615,0.9234882593154907,0.9750444889068604
5,0.010039565153419971,0.9976232051849365,0.9997727870941162,0.4301489591598511,0.9226655960083008,0.9741479158401489
6,0.018797647207975388,0.9967547059059143,0.9996470212936401,0.4259151220321655,0.9230769276618958,0.9724439382553101
