,loss,categorical_accuracy,auc_8,val_loss,val_categorical_accuracy,val_auc_8
0,0.537339448928833,0.883124589920044,0.9614349007606506,0.5519466400146484,0.8782393932342529,0.9580525159835815
1,0.20724022388458252,0.9365115761756897,0.9876641631126404,0.38497239351272583,0.9095022678375244,0.9721838235855103
2,0.10959873348474503,0.9633421897888184,0.9952132701873779,0.390127569437027,0.9111476540565491,0.9715930223464966
3,0.04147382825613022,0.9863790273666382,0.9990596175193787,0.3816441595554352,0.9193747639656067,0.974230170249939
4,0.014552613720297813,0.995657742023468,0.9998095035552979,0.36970198154449463,0.9206088185310364,0.9740331172943115
5,0.009544426575303078,0.9975317716598511,0.9998745918273926,0.3735789656639099,0.9247223138809204,0.975907564163208
6,0.009327900595963001,0.9977602958679199,0.9998096227645874,0.43125468492507935,0.9206088185310364,0.9724240303039551
