,loss,categorical_accuracy,auc_9,val_loss,val_categorical_accuracy,val_auc_9
0,0.6659135222434998,0.8846786618232727,0.9561040997505188,0.5640823841094971,0.8848210573196411,0.9534357190132141
1,0.1214074119925499,0.9619709253311157,0.9944114089012146,0.5880253314971924,0.877828061580658,0.954191267490387
2,0.03383774310350418,0.9883901476860046,0.9992724657058716,0.4251667857170105,0.9144384860992432,0.9698255658149719
3,0.01663980260491371,0.995292067527771,0.9997304081916809,0.4251863658428192,0.9169065952301025,0.9725021123886108
4,0.008731438778340816,0.9982174038887024,0.9998501539230347,0.42160481214523315,0.9177293181419373,0.970863938331604
5,0.014450805261731148,0.997166097164154,0.9996893405914307,0.4689950942993164,0.907856822013855,0.9697199463844299
6,0.0073835598304867744,0.9986287355422974,0.9998881220817566,0.43999412655830383,0.9177293181419373,0.9715874195098877
