,loss,categorical_accuracy,auc_10,val_loss,val_categorical_accuracy,val_auc_10
0,0.657787024974823,0.8769540190696716,0.9550043940544128,0.4611172676086426,0.8877005577087402,0.9644361138343811
1,0.2978590428829193,0.9214736223220825,0.9801838994026184,0.39437711238861084,0.9045660495758057,0.9720737934112549
2,0.16369889676570892,0.9495840668678284,0.9910570979118347,0.39849144220352173,0.9045660495758057,0.9719626903533936
3,0.07904389500617981,0.9728951454162598,0.9973044991493225,0.47541511058807373,0.9041546583175659,0.9653598666191101
4,0.05365452915430069,0.9816253781318665,0.9985207319259644,0.5373587608337402,0.9086795449256897,0.9646597504615784
5,0.025653580203652382,0.990949809551239,0.999576985836029,0.41972243785858154,0.9193747639656067,0.9733715653419495
6,0.01208505593240261,0.9966176152229309,0.9997239708900452,0.4474012553691864,0.9206088185310364,0.9705182909965515
