,loss,categorical_accuracy,auc_11,val_loss,val_categorical_accuracy,val_auc_11
0,0.8725413084030151,0.8705549240112305,0.9443459510803223,0.6585951447486877,0.8782393932342529,0.9517205357551575
1,0.22440898418426514,0.941950798034668,0.9862782955169678,0.7997922897338867,0.8613739013671875,0.9420300722122192
2,0.08329197019338608,0.9710211157798767,0.9967467784881592,0.5471338629722595,0.8909913897514343,0.9625110030174255
3,0.03645159676671028,0.9879788160324097,0.9991737604141235,0.5200588703155518,0.9033319354057312,0.9667860865592957
4,0.021632926538586617,0.9933266043663025,0.9995693564414978,0.5442200899124146,0.90744549036026,0.9670919179916382
5,0.013963237404823303,0.9964804649353027,0.9997208118438721,0.5985965132713318,0.9020978808403015,0.9642674326896667
6,0.006642929743975401,0.9985373616218567,0.9998878240585327,0.5446470379829407,0.9062114357948303,0.9671054482460022
