,loss,categorical_accuracy,auc_12,val_loss,val_categorical_accuracy,val_auc_12
0,0.8325274586677551,0.8553798198699951,0.9394960403442383,0.6996574997901917,0.8794734477996826,0.9537935256958008
1,0.5035605430603027,0.8961057066917419,0.9645301103591919,0.7383111715316772,0.8638420701026917,0.9466184973716736
2,0.40556076169013977,0.906664252281189,0.9721066355705261,0.5279295444488525,0.8889346122741699,0.9625747203826904
3,0.3463309705257416,0.913291871547699,0.9767489433288574,0.6770711541175842,0.8741258978843689,0.9540778398513794
4,0.28830868005752563,0.9228906035423279,0.9810096621513367,0.5173866748809814,0.8889346122741699,0.9618969559669495
5,0.24395208060741425,0.9301124215126038,0.9845494031906128,0.4997691512107849,0.8893459439277649,0.9643372893333435
6,0.20846788585186005,0.9339519143104553,0.987628698348999,0.5274372100830078,0.877416729927063,0.9604787826538086
