,loss,categorical_accuracy,auc_4,val_loss,val_categorical_accuracy,val_auc_4
0,0.5516665577888489,0.8929975032806396,0.9706844687461853,0.36017027497291565,0.9152612090110779,0.9812027215957642
1,0.17358127236366272,0.9369686245918274,0.9900553226470947,0.26527637243270874,0.9082682132720947,0.9812040328979492
2,0.09297710657119751,0.9679586887359619,0.9969749450683594,0.3175083100795746,0.9008638262748718,0.9759269952774048
3,0.04123383015394211,0.9868360757827759,0.999293327331543,0.30651742219924927,0.918552041053772,0.9788824319839478
4,0.024304116144776344,0.9927781224250793,0.9996413588523865,0.31819796562194824,0.9230769276618958,0.978838324546814
5,0.01110963523387909,0.9973946213722229,0.9997323155403137,0.3489226698875427,0.9201974272727966,0.9776228666305542
6,0.007037545554339886,0.9990401268005371,0.9998915791511536,0.33499497175216675,0.9288358688354492,0.9782336950302124
