,loss,categorical_accuracy,auc_4,val_loss,val_categorical_accuracy,val_auc_4
0,0.45246151089668274,0.8963342308998108,0.9723294377326965,0.2464803010225296,0.9103249907493591,0.9819841384887695
1,0.1663171947002411,0.9397111535072327,0.9911115765571594,0.25360792875289917,0.9173179864883423,0.9814083576202393
2,0.08748950064182281,0.967364490032196,0.9973301291465759,0.27012595534324646,0.9156725406646729,0.9815325140953064
3,0.03595083951950073,0.9882530570030212,0.9993610978126526,0.286324679851532,0.9259563684463501,0.9807096123695374
4,0.01799676939845085,0.9948350191116333,0.9997415542602539,0.320814847946167,0.9238996505737305,0.9782892465591431
5,0.008105645887553692,0.9983087778091431,0.9998831152915955,0.33080005645751953,0.9267790913581848,0.9777347445487976
6,0.0033907629549503326,0.9994972348213196,0.9999290108680725,0.3253248333930969,0.9276018142700195,0.9783814549446106
