,loss,categorical_accuracy,auc_5,val_loss,val_categorical_accuracy,val_auc_5
0,2.919816255569458,0.8568425178527832,0.9425420165061951,0.36930832266807556,0.8531468510627747,0.964854896068573
1,0.402403861284256,0.9112350344657898,0.9810869693756104,0.3350083529949188,0.907856822013855,0.9789981842041016
2,0.22057434916496277,0.9340890645980835,0.9892697334289551,0.27329909801483154,0.9095022678375244,0.9792824983596802
3,0.1505701243877411,0.95209801197052,0.9941511154174805,0.2854221761226654,0.9058001041412354,0.982435405254364
4,0.09196643531322479,0.9731236696243286,0.9972686171531677,0.287168025970459,0.9127930998802185,0.9798482060432434
5,0.044925302267074585,0.9866989850997925,0.9990687370300293,0.3752482533454895,0.907034158706665,0.9735772609710693
6,0.029842665418982506,0.9927324056625366,0.9995496869087219,0.34364020824432373,0.9099135994911194,0.9763348698616028
