,loss,categorical_accuracy,auc_5,val_loss,val_categorical_accuracy,val_auc_5
0,1.7776283025741577,0.8652527928352356,0.9554970860481262,0.3281170129776001,0.8782393932342529,0.96839439868927
1,0.228914275765419,0.9145717024803162,0.9840649366378784,0.29200246930122375,0.892225444316864,0.974577784538269
2,0.16862067580223083,0.9375628232955933,0.990851879119873,0.25723138451576233,0.9049773812294006,0.9801284670829773
3,0.12051460146903992,0.9572629928588867,0.9949252605438232,0.2573864459991455,0.9107363224029541,0.9820535778999329
4,0.07172172516584396,0.9751348495483398,0.998026967048645,0.3089866638183594,0.9132044315338135,0.9771963953971863
5,0.04004872590303421,0.9865161180496216,0.9993517994880676,0.35527506470680237,0.9099135994911194,0.9731000661849976
6,0.01755681075155735,0.9950178265571594,0.9998481869697571,0.3518887162208557,0.9210201501846313,0.974260687828064
