,loss,categorical_accuracy,auc_6,val_loss,val_categorical_accuracy,val_auc_6
0,0.4506267309188843,0.895191490650177,0.9701479077339172,0.27839869260787964,0.8951048851013184,0.9781803488731384
1,0.10046034306287766,0.9647133946418762,0.9963381290435791,0.22993285953998566,0.9267790913581848,0.9850723743438721
2,0.03580890968441963,0.9890300631523132,0.9994581341743469,0.24310177564620972,0.9321267008781433,0.9842637777328491
3,0.0104147894307971,0.9978974461555481,0.9999062418937683,0.2820518910884857,0.9292472004890442,0.9827237129211426
4,0.004379724618047476,0.9996800422668457,0.9998928904533386,0.28193399310112,0.9317153692245483,0.9828057885169983
5,0.003995096310973167,0.9997257590293884,0.9998942017555237,0.29444897174835205,0.9292472004890442,0.9821265935897827
6,0.0038290894590318203,0.9996800422668457,0.9998589754104614,0.28568461537361145,0.9296585917472839,0.9812223315238953
