,loss,categorical_accuracy,auc_6,val_loss,val_categorical_accuracy,val_auc_6
0,0.4180622100830078,0.897248387336731,0.9703978300094604,0.2782624065876007,0.8946935534477234,0.9787185788154602
1,0.10455946624279022,0.9626108407974243,0.996006965637207,0.22398275136947632,0.9271904826164246,0.984321653842926
2,0.036572616547346115,0.9892585873603821,0.9994070529937744,0.3258329927921295,0.9119703769683838,0.9777126312255859
3,0.013010232709348202,0.9970290064811707,0.9998664855957031,0.26951414346694946,0.9292472004890442,0.9818826913833618
4,0.005323553923517466,0.9994515180587769,0.9998896718025208,0.28129637241363525,0.9288358688354492,0.9821861386299133
5,0.005045444704592228,0.9994515180587769,0.9998552799224854,0.27543771266937256,0.933772087097168,0.9812431931495667
6,0.003911895677447319,0.9996800422668457,0.9998239874839783,0.27603214979171753,0.933360755443573,0.9821634888648987
