,loss,categorical_accuracy,auc,val_loss,val_categorical_accuracy,val_auc
0,0.48199769854545593,0.8911234736442566,0.9660052061080933,0.25223878026008606,0.90744549036026,0.9813960194587708
1,0.08878403156995773,0.9688728451728821,0.9969850182533264,0.25558578968048096,0.9234882593154907,0.9823995232582092
2,0.05556695535778999,0.9861504435539246,0.9986297488212585,0.2747155427932739,0.9218428730964661,0.9813563227653503
3,0.02126915566623211,0.9952006340026855,0.9996463656425476,0.2951900362968445,0.9226655960083008,0.9822168946266174
4,0.0515148788690567,0.9889386892318726,0.9987038373947144,0.3672493100166321,0.9025092720985413,0.9750475883483887
5,0.022750603035092354,0.9951549768447876,0.9996669292449951,0.2998771071434021,0.9230769276618958,0.9795708060264587
6,0.014223987236618996,0.9968461394309998,0.9997227191925049,0.32281237840652466,0.9267790913581848,0.9800322651863098
