,loss,categorical_accuracy,auc_7,val_loss,val_categorical_accuracy,val_auc_7
0,0.44777020812034607,0.8929975032806396,0.9686620831489563,0.21554280817508698,0.922254204750061,0.985485315322876
1,0.09075259417295456,0.9675015807151794,0.9969528913497925,0.23928716778755188,0.9218428730964661,0.9842755794525146
2,0.03656772896647453,0.9881616234779358,0.9994267225265503,0.3722359538078308,0.9136158227920532,0.9729912281036377
3,0.024479804560542107,0.9935094714164734,0.9995355606079102,0.28872933983802795,0.9247223138809204,0.980330228805542
4,0.016651732847094536,0.9962062239646912,0.9996232986450195,0.5458775758743286,0.9132044315338135,0.9718002080917358
5,0.016334809362888336,0.9957491755485535,0.999725341796875,0.33691367506980896,0.9238996505737305,0.9772633910179138
6,0.019013477489352226,0.9948350191116333,0.999609112739563,0.34262150526046753,0.9267790913581848,0.9750474095344543
