,loss,categorical_accuracy,auc_1,val_loss,val_categorical_accuracy,val_auc_1
0,0.5257375836372375,0.8890666365623474,0.9642080664634705,0.2543885111808777,0.907856822013855,0.9821862578392029
1,0.07424797862768173,0.9757290482521057,0.9978772401809692,0.24381177127361298,0.9284245371818542,0.9822737574577332
2,0.024356506764888763,0.9936009049415588,0.9996432662010193,0.2522616386413574,0.9280131459236145,0.9836975932121277
3,0.011498131789267063,0.9981259703636169,0.9998347163200378,0.2854940593242645,0.9296585917472839,0.9803126454353333
4,0.007293278351426125,0.9997714757919312,0.9998565316200256,3.682690382003784,0.840394914150238,0.908411979675293
5,0.029007455334067345,0.9938294291496277,0.9995109438896179,0.30310192704200745,0.9201974272727966,0.9794744849205017
6,0.015771441161632538,0.996023416519165,0.9996673464775085,0.36903831362724304,0.9156725406646729,0.9738352298736572
