,loss,categorical_accuracy,auc_8,val_loss,val_categorical_accuracy,val_auc_8
0,0.3929107189178467,0.8989852666854858,0.9718194603919983,0.25804826617240906,0.9090909361839294,0.9817527532577515
1,0.09947981685400009,0.9655361771583557,0.996393620967865,0.2519020438194275,0.9152612090110779,0.9839916825294495
2,0.045066237449645996,0.9857848286628723,0.9990288615226746,0.27914971113204956,0.9169065952301025,0.9831044673919678
3,0.025298019871115685,0.9928695559501648,0.9996758699417114,0.30153998732566833,0.9255450367927551,0.981277346611023
4,0.009406724013388157,0.9985373616218567,0.9998485445976257,0.3325080871582031,0.9284245371818542,0.9762604236602783
5,0.004713679198175669,0.9996800422668457,0.9998933672904968,0.330843448638916,0.9201974272727966,0.9779465198516846
6,0.002738018985837698,0.9997714757919312,0.9999294877052307,0.30874085426330566,0.9304812550544739,0.9800911545753479
