,loss,categorical_accuracy,auc_2,val_loss,val_categorical_accuracy,val_auc_2
0,0.5389130711555481,0.8910320997238159,0.9636090993881226,0.3033744990825653,0.8979843854904175,0.9778605699539185
1,0.08038859814405441,0.9742206931114197,0.9973686337471008,0.2787919044494629,0.918140709400177,0.9809468388557434
2,0.0313463993370533,0.992092490196228,0.9995468854904175,0.28971511125564575,0.9230769276618958,0.980819582939148
3,0.039638910442590714,0.9910412430763245,0.9989760518074036,0.3273962438106537,0.9206088185310364,0.976498544216156
4,0.016667934134602547,0.9957491755485535,0.9997274279594421,0.34453126788139343,0.9226655960083008,0.9770527482032776
5,0.007964025251567364,0.9983544945716858,0.9998807311058044,0.3124738037586212,0.9313039779663086,0.9800533056259155
6,0.009394440799951553,0.9985830783843994,0.9997092485427856,0.32841387391090393,0.9300699234008789,0.9789764881134033
