,loss,categorical_accuracy,auc_9,val_loss,val_categorical_accuracy,val_auc_9
0,0.7105454802513123,0.8833531141281128,0.9668877124786377,1.5430165529251099,0.8897572755813599,0.9693090915679932
1,0.20656214654445648,0.927049994468689,0.9871155619621277,0.2907162308692932,0.8934594988822937,0.9778544306755066
2,0.14218482375144958,0.9483042359352112,0.9932821393013,0.23302915692329407,0.918140709400177,0.9842985272407532
3,0.08439534902572632,0.9688271284103394,0.9975241422653198,0.3011273145675659,0.9025092720985413,0.9758869409561157
4,0.04671809449791908,0.9844135642051697,0.999112606048584,0.2988761067390442,0.9148498773574829,0.9793868660926819
5,0.020874053239822388,0.9930980801582336,0.999788761138916,0.3269813060760498,0.9214314818382263,0.978452742099762
6,0.011201057583093643,0.9977602958679199,0.9998007416725159,0.3374035954475403,0.9230769276618958,0.9761710166931152
